<?xml version="1.0" encoding="UTF-8"?>
<beans xmlns="http://www.springframework.org/schema/beans"
       xmlns:xsi="http://www.w3.org/2001/XMLSchema-instance"
       xmlns:context="http://www.springframework.org/schema/context"
       xmlns:mvc="http://www.springframework.org/schema/mvc"
       xsi:schemaLocation="
        http://www.springframework.org/schema/beans
        http://www.springframework.org/schema/beans/spring-beans-4.3.xsd
        http://www.springframework.org/schema/context
        http://www.springframework.org/schema/context/spring-context-4.3.xsd
        http://www.springframework.org/schema/mvc
        https://www.springframework.org/schema/mvc/spring-mvc-4.3.xsd">



    <!-- 读取properties文件 -->


    <!-- 扫包，扫描controller -->
    <context:component-scan base-package="com.pl" use-default-filters="false">
        <context:include-filter type="annotation" expression="org.springframework.stereotype.Controller"/>
    </context:component-scan>

    <!--视图解析器-->
    <bean class="org.springframework.web.servlet.view.InternalResourceViewResolver">
        <property name="prefix" value="/WEB-INF/pages/"></property>
        <property name="suffix" value=".jsp"></property>
    </bean>

    <mvc:annotation-driven/>
    <mvc:resources location="classpath:/META-INF/resources/" mapping="swagger-ui.html"/>
    <mvc:resources location="classpath:/META-INF/resources/webjars/" mapping="/webjars/**"/>

    <mvc:default-servlet-handler/>

    <bean class="springfox.documentation.swagger2.configuration.Swagger2DocumentationConfiguration"/>

</beans>