<?xml version="1.0" encoding="UTF-8"?>
<beans xmlns="http://www.springframework.org/schema/beans"
       xmlns:xsi="http://www.w3.org/2001/XMLSchema-instance"
       xmlns:context="http://www.springframework.org/schema/context"
       xmlns:aop="http://www.springframework.org/schema/aop"
       xmlns:tx="http://www.springframework.org/schema/tx"
       xmlns:mybatis="http://mybatis.org/schema/mybatis-spring"
       xsi:schemaLocation="
        http://www.springframework.org/schema/beans
        http://www.springframework.org/schema/beans/spring-beans-4.3.xsd
        http://www.springframework.org/schema/context
        http://www.springframework.org/schema/context/spring-context-4.3.xsd
        http://www.springframework.org/schema/aop
        http://www.springframework.org/schema/aop/spring-aop-4.3.xsd
        http://www.springframework.org/schema/tx
        http://www.springframework.org/schema/tx/spring-tx-4.3.xsd
        http://mybatis.org/schema/mybatis-spring
        http://mybatis.org/schema/mybatis-spring.xsd">


    <!-- 读取properties文件 -->
    <context:property-placeholder location="classpath:properties/jdbc.properties"></context:property-placeholder>

    <!-- 扫包（除了controller，因为controller已经被application-mvc配置文件扫过了） -->
    <context:component-scan base-package="com.pl">
        <context:exclude-filter type="annotation" expression="org.springframework.stereotype.Controller"/>
    </context:component-scan>

    <!-- 使得切面注解生效 -->
    <aop:aspectj-autoproxy/>

    <!--配置数据源，使用c3p0的数据源-->
    <bean id="dataSource" class="com.mchange.v2.c3p0.ComboPooledDataSource">
        <property name="driverClass" value="${MySQL.jdbc.driver}"></property>
        <property name="jdbcUrl" value="${MySQL.jdbc.url}"></property>
        <property name="user" value="${MySQL.jdbc.username}"></property>
        <property name="password" value="${MySQL.jdbc.password}"></property>
    </bean>

    <!-- 事务管理器 -->
    <bean id="transactionManager" class="org.springframework.jdbc.datasource.DataSourceTransactionManager">
        <property name="dataSource" ref="dataSource"/>
    </bean>

    <!-- 开启spring的声明式事务 -->
    <tx:annotation-driven/>

    <!--整合mybatis-->
    <bean id="sqlSessionFactory" class="org.mybatis.spring.SqlSessionFactoryBean">
        <property name="dataSource" ref="dataSource"/>
        <property name="configLocation" value="classpath:mybatis/mybatis.xml"/><!--指定mybatis的配置文件位置-->
        <property name="mapperLocations" value="classpath:mapper/*.xml"></property><!--指定mapper的位置-->
    </bean>

    <!--扫描所有mapper接口的实现，让这些mapper能够自动注入-->
    <mybatis:scan base-package="com.pl.dao"/>


</beans>