<?xml version="1.0" encoding="UTF-8" ?>
<!DOCTYPE configuration PUBLIC "-//mybatis.org//DTD Config 3.0//EN" "http://mybatis.org/dtd/mybatis-3-config.dtd">
<configuration>

    <properties resource="properties/jdbc.properties"></properties><!--properties标签用来引入外部的配置文件，如jdbc.properties-->

    <!--settings标签是极其重要的标签，它用来改变mybaits的行为，如缓存-->
    <settings>
        <!--显示的指定每个我们需要更改的配置的值，即使他是默认的，防止版本更新带来的问题-->
        <setting name="mapUnderscoreToCamelCase" value="true"/><!--开启自动驼峰命名规则映射，即数据库中的字段名A_COLUMN可以自动映射到java的属性名aColumn-->
        <setting name="cacheEnabled" value="true"/><!--开启二级缓存-->
    </settings>

    <!--起别名-->
    <typeAliases>
        <typeAlias alias="user" type="com.pl.entity.User"/>
    </typeAliases>

    <!--类型转换处理器-->
    <!--<typeHandlers></typeHandlers>-->

    <!--插件-->
    <!--<plugins></plugins>-->

    <!--配置数据库环境，如果开发、生产是不同的数据库环境，可以通过在这里配置并切换-->
    <environments default="development">
        <environment id="development">
            <transactionManager type="JDBC"/>
            <dataSource type="POOLED">
                <property name="driver" value="${MySQL.jdbc.driver}"/>
                <property name="url" value="${MySQL.jdbc.url}"/>
                <property name="username" value="${MySQL.jdbc.username}"/>
                <property name="password" value="${MySQL.jdbc.password}"/>
            </dataSource>
        </environment>
    </environments>

    <mappers>
        <mapper resource="mapper/UserMapper.xml" />
        <mapper resource="mapper/EmpMapper.xml" />
        <mapper resource="mapper/EmployeeMapper.xml" />
    </mappers>

</configuration>
