<?xml version="1.0" encoding="UTF-8" ?>
<!DOCTYPE mapper PUBLIC "-//mybatis.org//DTD Mapper 3.0//EN" "http://mybatis.org/dtd/mybatis-3-mapper.dtd">

<mapper namespace="com.pl.dao.EmployeeDao"><!--这里的namespace要指定为dao接口的全类名-->

    <!--条件是多个一起拼装的-->
    <select id="getEmployeesIfWhere" resultType="com.pl.entity.Emp">
        select * from t_emp
        <where>
            <if test="null != empName and '' != empName">
                and EMP_NAME like '%${empName}%'
            </if>
            <if test="null != email and '' != email">
                and EMAIL = #{email}
            </if>
            <if test="null != tel and '' != tel">
                and TEL = #{tel}
            </if>
            <if test="0 == gender or 1 == gender">
                and GENDER = #{gender}
            </if>
            <if test="null != address and '' != address">
                and ADDRESS like '%${address}%'
            </if>
            <if test="null != start">
                and BIRTHDAY &gt;= #{start}
            </if>
            <if test="null != end">
                and BIRTHDAY &lt;= #{end}
            </if>
        </where>
    </select>

    <!--条件只能从多个里面选择一个，如果多个条件都没有命中的话执行otherwise标签里面的条件-->
    <select id="getEmployeesChooseWhen" resultType="com.pl.entity.Emp">
        select * from t_emp
        <where>
            <choose>
                <when test="null != empName and '' != empName">
                    EMP_NAME like '%${empName}%'
                </when>
                <when test="null != email and '' != email">
                    EMAIL = #{email}
                </when>
                <when test="null != tel and '' != tel">
                    TEL = #{tel}
                </when>
                <when test="0 == gender or 1 == gender">
                    GENDER = #{gender}
                </when>
                <when test="null != address and '' != address">
                    ADDRESS like '%#{address}%'
                </when>
                <when test="null != start">
                    BIRTHDAY &gt;= #{start}
                </when>
                <when test="null != end">
                    BIRTHDAY &lt;= #{end}
                </when>
                <otherwise>
                    1 = 1
                </otherwise>
            </choose>
        </where>
    </select>

    <update id="updateEmployee">
        update t_emp
        <set>
            <if test="null != empName and '' != empName">
                EMP_NAME = #{empName},
            </if>
            <if test="null != email and '' != email">
                EMAIL = #{email},
            </if>
            <if test="null != tel and '' != tel">
                TEL = #{tel},
            </if>
            <if test="0 == gender or 1 == gender">
                GENDER = #{gender},
            </if>
            <if test="null != address and '' != address">
                ADDRESS = #{address},
            </if>
            <if test="null != birthday">
                BIRTHDAY = #{birthday},
            </if>
            <if test="null != password">
                PASSWORD = #{password},
            </if>
        </set>
        where EMP_ID = #{empId}
    </update>

    <select id="getEmployeesForeach" resultType="com.pl.entity.Emp">
        select * from t_emp
        <foreach collection="addressList" item="address" open="where ADDRESS in (" close=")" separator=",">
            #{address}
        </foreach>
    </select>

    <insert id="employeesBatchInsert">
        insert into t_emp
        <foreach collection="empList" item="emp" open="(EMP_NAME,EMAIL,TEL,GENDER,ADDRESS,BIRTHDAY,PASSWORD) values " close=";" separator=",">
            (#{emp.empName},#{emp.email},#{emp.tel},#{emp.gender},#{emp.address},#{emp.birthday},#{emp.password})
        </foreach>
    </insert>

</mapper>