<?xml version="1.0" encoding="UTF-8" ?>
<!DOCTYPE mapper PUBLIC "-//mybatis.org//DTD Mapper 3.0//EN" "http://mybatis.org/dtd/mybatis-3-mapper.dtd">

<mapper namespace="com.pl.dao.EmpDao"><!--这里的namespace要指定为dao接口的全类名-->

    <!--由于dao的方法中只是传了一个参数，所以#{}中的变量名可以用传参的成员属性名表示-->
    <select id="getEmp1" resultType="com.pl.entity.Emp">
        select * from t_emp where EMP_NAME =#{empName} and GENDER = #{gender}
    </select>

    <!--由于dao的方法中传了多个参数，这些参数是被mybatis封装成一个map，map的key是param1、param2。。。所以#{}中的变量名用param1、param2。。表示-->
    <select id="getEmp2" resultType="com.pl.entity.Emp">
        select * from t_emp where EMP_NAME =#{param1} and GENDER = #{param2}
    </select>

    <!--由于dao的方法中传了多个参数，而且这些参数用@Param注解修饰，所以#{}中的变量名用@Param注解中的value值表示-->
    <select id="getEmp3" resultType="com.pl.entity.Emp">
        select * from t_emp where EMP_NAME =#{name} and GENDER = #{gender}
    </select>

    <!--由于dao的方法中直接传了一个Map{"na":"张三","ge":1}，所以#{}中的变量名用Map中的key值表示-->
    <select id="getEmp4" resultType="com.pl.entity.Emp">
        select * from t_emp where EMP_NAME =#{na} and GENDER = #{ge}
    </select>

</mapper>