<?xml version="1.0" encoding="UTF-8" ?>
<!DOCTYPE mapper PUBLIC "-//mybatis.org//DTD Mapper 3.0//EN" "http://mybatis.org/dtd/mybatis-3-mapper.dtd">

<mapper namespace="com.pl.dao.UserDao"><!--这里的namespace要指定为dao接口的全类名-->

    <insert id="addUser" parameterType="com.pl.entity.User"><!--id属性值对应dao接口中的方法名-->
        insert into t_user (USERNAME,SEX,AGE,CREATE_TIME) values (#{username},#{sex},#{age},#{createTime})
    </insert>

    <delete id="deleteUser" parameterType="int"><!--id属性值对应dao接口中的方法名-->
        delete from t_user where id = #{id}
    </delete>

    <update id="updateUser" parameterType="com.pl.entity.User"><!--id属性值对应dao接口中的方法名-->
        update t_user set USERNAME = #{username},SEX = #{sex},AGE =#{age},CREATE_TIME = #{createTime} where id = #{id}
    </update>

    <select id="getUser" parameterType="int" resultType="com.pl.entity.User"><!--id属性值对应dao接口中的方法名-->
        select ID,USERNAME,SEX,AGE,CREATE_TIME createTime from t_user where id = #{id}
    </select>

    <!--
        useGeneratedKeys="true"告诉mybatis使用mysql中的自增主键策略获取主键
        keyProperty属性是告诉mybatis获取到主键后，将这个主键值封装给javabean的哪个属性，这里的javabean就是parameterType="com.pl.entity.User"这里的
    -->
    <insert id="addUserAndReturnKey" parameterType="com.pl.entity.User" useGeneratedKeys="true" keyProperty="id"><!--id属性值对应dao接口中的方法名-->
        insert into t_user (USERNAME,SEX,AGE,CREATE_TIME) values (#{username},#{sex},#{age},#{createTime})
    </insert>

</mapper>