<?xml version="1.0" encoding="UTF-8" ?>
<!DOCTYPE mapper PUBLIC "-//mybatis.org//DTD Mapper 3.0//EN" "http://mybatis.org/dtd/mybatis-3-mapper.dtd">

<mapper namespace="com.pl.dao.UserDao"><!--这里的namespace要指定为dao接口的全类名-->


    <select id="paginationQuery" resultType="com.pl.entity.User">
        select * from t_user
         <where>
             <if test="null != queryText">
                 and USERNAME like '%${queryText}%'
             </if>
         </where>
         limit #{startNo},#{pageSize}
    </select>

    <select id="paginationCount" resultType="int">
        select count(*) from t_user
        <where>
            <if test="null != queryText">
                and USERNAME like '%${queryText}%'
            </if>
        </where>
    </select>

    <insert id="addUser">
        insert  into t_user (USERNAME,LOGINACCT,USERPSWD,EMAIL) values
        (#{username},#{loginacct},'123456',#{email})
    </insert>

</mapper>