<?xml version="1.0" encoding="UTF-8" ?>
<!DOCTYPE configuration PUBLIC "-//mybatis.org//DTD Config 3.0//EN" "http://mybatis.org/dtd/mybatis-3-config.dtd">
<configuration>

    <!--settings标签是重要的标签，它用来改变mybaits的行为，如缓存-->
    <settings>
        <!--显示的指定每个我们需要更改的配置的值，即使他是默认的，防止版本更新带来的问题-->
        <setting name="mapUnderscoreToCamelCase" value="true"/><!--开启自动驼峰命名规则映射，即数据库中的字段名A_COLUMN可以自动映射到java的属性名aColumn-->
        <setting name="cacheEnabled" value="true"/><!--开启二级缓存，默认也是开启的-->
		<setting name="logImpl" value="LOG4J2" /><!--指定mybatis所使用的日志框架，这个建议要显示指定，不然在部分的容器中会无法打印sql日志-->
    </settings>

    <!--起别名-->
    <typeAliases>
        <typeAlias alias="emp" type="com.pl.model.Emp"/>
    </typeAliases>

    <!--类型转换处理器-->
    <!--<typeHandlers></typeHandlers>-->

    <!--插件-->
    <!--<plugins></plugins>-->

</configuration>
